json_path,module,ontology_entity,status,note
alternative_sources,FPSO,FPSO:includesAlternativePowerSource,IMPLEMENTED,
buses,FPSO,FPSO:includesElectricalBus,IMPLEMENTED,
cables,FPSO,FPSO:includesPowerCable,IMPLEMENTED,
consumer_connections,POWER,POWER:drawsElectricalPowerFrom,IMPLEMENTED,
demand_periods,FPSO,FPSO:hasDemandPeriod,IMPLEMENTED,
description,FPSO,FPSO:hasDescription,IMPLEMENTED,
fuels,FPSO,FPSO:hasAvailableFuelSpecification,IMPLEMENTED,
gas_turbines,FPSO,FPSO:includesGasTurbinePowerSource,IMPLEMENTED,
name,FPSO,FPSO:hasName,IMPLEMENTED,
platforms,FPSO,FPSO:includesOffshorePlatform,IMPLEMENTED,
source_connections,POWER,POWER:feedsElectricalBus,IMPLEMENTED,
AlternativeSourceIn.ECF,EM,EM:hasEmissionConversionFactor,IMPLEMENTED,
AlternativeSourceIn.acquisition_cost,EQ,EQ:hasAcquisitionCostUSD,IMPLEMENTED,
AlternativeSourceIn.energy_unit_cost,POWER,POWER:hasEnergyUnitCostUSDPerJoule,IMPLEMENTED,
AlternativeSourceIn.generator_efficiency,EQ,EQ:hasGeneratorEfficiency,IMPLEMENTED,
AlternativeSourceIn.id,EQ,EQ:hasIdentifier,IMPLEMENTED,
AlternativeSourceIn.maintenance_cost,EQ,EQ:hasMaintenanceCostUSDPerMonth,IMPLEMENTED,
AlternativeSourceIn.max_power,EQ,EQ:hasMaximumElectricalPower,IMPLEMENTED,
AlternativeSourceIn.model,EQ,EQ:hasModelDesignation,IMPLEMENTED,
AlternativeSourceIn.transmission_efficiency,EQ,EQ:hasTransmissionEfficiency,IMPLEMENTED,
BreakpointIn.demand_watts,POWER,POWER:hasDemandWatts,IMPLEMENTED,
BreakpointIn.year,POWER,POWER:hasBreakpointYear,IMPLEMENTED,
BusIn.distribution_efficiency,POWER,POWER:hasDistributionEfficiency,IMPLEMENTED,
BusIn.fpso_id,POWER/FPSO,FPSO:includesOffshorePlatform + POWER:hasConnectedBus,IMPLEMENTED,
BusIn.id,EQ,EQ:hasIdentifier,IMPLEMENTED,
BusIn.load_sharing_strategy,POWER,POWER:hasLoadSharingStrategy,IMPLEMENTED,
CableIn.acquisition_cost,EQ,EQ:hasAcquisitionCostUSD,IMPLEMENTED,
CableIn.from_bus,POWER,POWER:hasOriginBus,IMPLEMENTED,
CableIn.id,EQ,EQ:hasIdentifier,IMPLEMENTED,
CableIn.maintenance_cost,EQ,EQ:hasMaintenanceCostUSDPerMonth,IMPLEMENTED,
CableIn.max_capacity,POWER,POWER:hasMaximumCapacityWatts,IMPLEMENTED,
CableIn.to_bus,POWER,POWER:hasDestinationBus,IMPLEMENTED,
CableIn.transmission_efficiency,POWER,POWER:hasTransferEfficiency,IMPLEMENTED,
ConstantDemand.demand_watts,POWER,POWER:hasDemandWatts,IMPLEMENTED,
ConstantDemand.type,POWER,rdf:type POWER:ConstantPowerDemandProfile,IMPLEMENTED,
ConsumerConnection.bus_id,POWER,POWER:drawsElectricalPowerFrom,IMPLEMENTED,
ConsumerConnection.consumer_id,FPSO/POWER,O3PO:FPSO + POWER:drawsElectricalPowerFrom,IMPLEMENTED,
DemandPeriodIn.active_source_ids,FPSO,FPSO:activatesPowerSource,IMPLEMENTED,
DemandPeriodIn.bus_id,FPSO,FPSO:appliesToBus,IMPLEMENTED,
DemandPeriodIn.end_date,MT,MT:hasEndDate,IMPLEMENTED,
DemandPeriodIn.local_demand,FPSO,FPSO:hasLocalDemandProfile,IMPLEMENTED,
DemandPeriodIn.remote_demands,FPSO,FPSO:hasRemoteDemandAssignment,IMPLEMENTED,
DemandPeriodIn.start_date,MT,MT:hasStartDate,IMPLEMENTED,
FieldLifecycleDemand.decline_rate,POWER,POWER:hasDeclineRate,IMPLEMENTED,
FieldLifecycleDemand.initial_demand_watts,POWER,POWER:hasInitialDemandWatts,IMPLEMENTED,
FieldLifecycleDemand.plateau_demand_watts,POWER,POWER:hasPlateauDemandWatts,IMPLEMENTED,
FieldLifecycleDemand.plateau_years,POWER,POWER:hasPlateauYears,IMPLEMENTED,
FieldLifecycleDemand.ramp_up_years,POWER,POWER:hasRampUpYears,IMPLEMENTED,
FieldLifecycleDemand.start_year,POWER,POWER:hasStartYear,IMPLEMENTED,
FieldLifecycleDemand.type,POWER,rdf:type POWER:FieldLifecyclePowerDemandProfile,IMPLEMENTED,
FuelIn.cost_per_gram_usd,EM,EM:hasCostPerGramUSD,IMPLEMENTED,
FuelIn.emissions,EM,EM:hasEmissionSpecification,IMPLEMENTED,
FuelIn.key,EM,EM:hasFuelKey,IMPLEMENTED,
FuelIn.name,EM,EM:hasDisplayName,IMPLEMENTED,
GasTurbineIn.SFC,EQ,EQ:hasSpecificFuelConsumption,IMPLEMENTED,
GasTurbineIn.acquisition_cost,EQ,EQ:hasAcquisitionCostUSD,IMPLEMENTED,
GasTurbineIn.fuel_key,COMB/EM,COMB:usesFuelSpecification + EM:hasFuelKey,IMPLEMENTED,
GasTurbineIn.generator_efficiency,EQ,EQ:hasGeneratorEfficiency,IMPLEMENTED,
GasTurbineIn.id,EQ,EQ:hasIdentifier,IMPLEMENTED,
GasTurbineIn.maintenance_cost,EQ,EQ:hasMaintenanceCostUSDPerMonth,IMPLEMENTED,
GasTurbineIn.max_power,EQ,EQ:hasMaximumShaftPower,IMPLEMENTED,
GasTurbineIn.model,EQ,EQ:hasModelDesignation,IMPLEMENTED,
GasTurbineIn.transmission_efficiency,EQ,EQ:hasTransmissionEfficiency,IMPLEMENTED,
GhgEmissionIn.ecf,EM,EM:hasEmissionConversionFactor,IMPLEMENTED,
GhgEmissionIn.formula,EM,EM:hasChemicalFormula,IMPLEMENTED,
GhgEmissionIn.gwp,EM,EM:hasGlobalWarmingPotential,IMPLEMENTED,
GhgEmissionIn.name,EM,EM:hasDisplayName,IMPLEMENTED,
KeyframeDemand.breakpoints,POWER,POWER:hasBreakpoint,IMPLEMENTED,
KeyframeDemand.connections,POWER,POWER:hasInterpolationSegment + POWER:usesInterpolationMethod,IMPLEMENTED,
KeyframeDemand.type,POWER,rdf:type POWER:KeyframePowerDemandProfile,IMPLEMENTED,
PlatformIn.id,OFF/O3PO,O3PO:FPSO individual IRI/local identifier,IMPLEMENTED,
SourceConnection.bus_id,POWER,POWER:feedsElectricalBus,IMPLEMENTED,
SourceConnection.source_id,POWER/FPSO,POWER:feedsElectricalBus + scenario source membership,IMPLEMENTED,
